fine_x,fine_y,gt_x,gt_y,coarse_error,fine_error
1569.81787109375,7112.66259765625,1664.67,7134.53,85.79353005908989,97.34017181396484
1606.03271484375,7192.21240234375,1664.67,7213.93,20.230022244179818,62.52997589111328
1597.669677734375,7215.287109375,1664.67,7292.69,93.84372648184815,102.37308502197266
1409.7510986328125,7179.80859375,1665.78,7371.45,238.49132248364913,319.8082580566406
2018.2296142578125,7241.07275390625,1665.78,7450.85,301.58204671365985,410.1551513671875
1672.5712890625,7523.46533203125,1665.78,7529.61,33.552354611859656,9.15841007232666
1484.232421875,7435.28515625,1664.67,7608.37,197.13007330186838,250.0322723388672
1652.06005859375,7683.0576171875,1664.67,7687.77,40.518906697985265,13.46174144744873
1651.1522216796875,7769.86474609375,1662.46,7766.53,141.55385017723822,11.78927230834961
1649.721923828125,7756.5791015625,1662.46,7845.29,195.68708618608431,89.62080383300781
1672.7691650390625,7924.6728515625,1664.67,7924.69,29.254145005452173,8.099139213562012
1431.0517578125,8031.73828125,1664.67,8003.45,173.12744265424823,235.32470703125
1740.77197265625,8122.14208984375,1664.67,8082.85,22.5683716736496,85.64674377441406
1666.34912109375,8135.68994140625,1664.67,8161.61,63.33246402912145,25.9742488861084
1598.9691162109375,8093.955078125,1665.78,8240.37,141.25418684060386,160.9380645751953
1632.205078125,8293.0517578125,1665.78,8319.77,71.53223958468,42.90823745727539
1968.981689453125,8404.8564453125,1664.67,8398.53,285.333786642942,304.3774108886719
1559.2916259765625,8468.8544921875,1665.78,8477.29,182.91187085588547,106.82199096679688
1462.235595703125,8447.9248046875,1665.78,8556.69,134.38662321823557,230.78192138671875
1665.99169921875,8599.6669921875,1665.78,8635.45,86.89482665843877,35.78382873535156
1660.2578125,8711.509765625,1665.78,8714.85,21.668661703021947,6.453637599945068
1986.5008544921875,8823.55078125,1666.88,8793.61,288.6810809526663,321.0201110839844
1658.5640869140625,8866.62109375,1665.78,8873.01,167.3692579298839,9.637683868408203
1869.8035888671875,8997.2802734375,1665.78,8951.77,142.62237306958528,209.0378875732422
1667.701416015625,9042.08984375,1664.67,9030.53,33.87166662566284,11.950434684753418
1633.6376953125,9172.4111328125,1664.67,9109.93,42.67099483255551,69.76344299316406
1657.802490234375,9209.564453125,1664.67,9188.69,41.37783222934765,21.974716186523438
1394.2950439453125,9162.70703125,1665.78,9267.45,336.91469380245223,290.9900817871094
1886.328125,9256.201171875,1865.08,9253.17,96.97657088183725,21.463298797607422
1885.3946533203125,9180.6904296875,1866.19,9175.05,70.77159458426785,20.015933990478516
1857.8603515625,9099.1572265625,1865.08,9095.65,84.78991036674134,8.026243209838867
1507.7764892578125,8882.560546875,1865.08,9016.25,401.1514288893908,381.4952697753906
1931.266357421875,9051.6767578125,1865.08,8937.49,105.44622563183587,131.98182678222656
1529.9976806640625,8818.458984375,1863.98,8858.73,214.1580101233666,336.4014892578125
1903.5128173828125,8705.3955078125,1865.08,8779.33,116.20953188099504,83.32710266113281
1675.05908203125,8496.55078125,1866.19,8700.57,263.4567156099839,279.5621032714844
1599.0718994140625,8393.798828125,1865.08,8621.81,427.18038637090973,350.3558044433594
1917.5269775390625,8555.9794921875,1865.08,8542.41,85.25851570371147,54.1739501953125
1917.988525390625,8487.9560546875,1863.98,8463.65,121.88421924104884,59.225738525390625
1864.8388671875,8369.2724609375,1863.98,8384.89,65.74003726801514,15.640787124633789
1780.54296875,8384.8701171875,1866.19,8305.49,115.38308454881958,116.77572631835938
1870.844970703125,8225.1005859375,1863.98,8226.73,89.1119144671464,7.055820941925049
1889.7669677734375,8152.048828125,1865.08,8147.33,121.5587730277005,25.133943557739258
1873.845947265625,8063.85302734375,1865.08,8068.57,90.54971728282773,9.954435348510742
1862.97216796875,7978.60302734375,1863.98,7989.81,75.35433962287796,11.252254486083984
1876.309326171875,7908.40673828125,1865.08,7910.41,76.17594436565918,11.406683921813965
1868.42626953125,7822.736328125,1863.98,7831.65,71.38040977747312,9.96098804473877
1869.1907958984375,7747.41943359375,1865.08,7752.25,80.71845451939718,6.342978477478027
1872.869140625,7667.5009765625,1863.98,7673.49,68.15585448074135,10.718599319458008
1881.0081787109375,7593.35888671875,1863.98,7594.73,84.54710698776186,17.08330726623535
1870.451416015625,7524.24853515625,1863.98,7515.33,65.7909515055072,11.019000053405762
1875.8861083984375,7440.43798828125,1863.98,7436.57,90.09331440234641,12.518729209899902
1875.0552978515625,7358.6640625,1863.98,7357.17,64.38050403654823,11.175647735595703
1857.9842529296875,7273.4912109375,1863.98,7278.41,96.01337667221179,7.755306243896484
1878.2451171875,7194.251953125,1863.98,7199.02,63.987505030279166,15.04089641571045
1868.0567626953125,7117.95947265625,1861.76,7120.25,93.53801419743739,6.700418949127197
1877.5972900390625,7046.77783203125,1863.98,7041.49,180.34650121363615,14.607868194580078
1872.37353515625,6953.40380859375,1861.76,6962.73,88.03039531888939,14.128849983215332
1872.8104248046875,6883.91552734375,1863.98,6883.33,66.11602907011283,8.849830627441406
1884.391357421875,6799.77734375,1863.98,6804.57,84.09117254504167,20.966453552246094
1871.221923828125,6726.4970703125,1865.08,6725.18,141.08663579517395,6.281558513641357
2824.890869140625,3431.76220703125,1863.98,6646.41,3338.3036220511754,3355.191650390625
1945.432861328125,6643.05419921875,1861.76,6567.65,242.24743569334208,112.63638305664062
1611.668701171875,6428.505859375,1861.76,6488.26,215.18858055203583,257.1307067871094
1888.619873046875,6431.84912109375,1865.08,6409.49,76.65811437806182,32.46609878540039
1439.677001953125,7183.7216796875,1861.76,6330.1,942.1232974510285,952.2730102539062
316.7223205566406,2709.244384765625,1863.98,6251.34,3880.470233876302,3865.287353515625
1636.6175537109375,5969.64599609375,1861.76,6172.57,273.1715623925739,303.0960388183594
1623.3590087890625,5852.63671875,1863.98,6093.18,323.91967028879264,340.2346496582031
1664.3037109375,5734.0927734375,1861.76,6014.41,268.0913010524585,342.88018798828125
1182.164794921875,5260.09033203125,1861.76,5935.65,851.3795981229522,958.243408203125
121.34972381591797,4795.52734375,1863.98,5856.26,2013.3088754585076,2040.0767822265625
2116.44873046875,4844.6748046875,1861.76,5777.49,1051.7685095590186,966.9596557617188
1037.3631591796875,4648.64892578125,1861.76,5698.73,1326.193391063309,1335.0283203125
1536.882568359375,4603.04833984375,1863.98,5619.34,1035.4233317827063,1067.6334228515625
1429.3072509765625,5062.33154296875,1863.98,5539.94,570.9891802827788,645.794189453125
913.6693725585938,4715.30419921875,1863.98,5461.18,1168.938164660561,1208.0650634765625
2313.19189453125,4335.0673828125,1863.98,5382.41,1102.21678834066,1139.6131591796875
1262.2275390625,4279.923828125,1860.65,5303.02,1215.490247965816,1185.2574462890625
1355.339111328125,4233.44775390625,1861.76,5224.26,1144.9920721122921,1112.7310791015625
737.6415405273438,5231.76708984375,1861.76,5145.49,1116.6613800521625,1127.4244384765625
878.5789794921875,5180.681640625,1860.65,5066.1,1111.1672387629146,988.7327880859375
1377.8253173828125,4028.254150390625,1863.98,4987.34,1202.6985141755188,1075.2635498046875
329.917236328125,5020.498046875,1861.76,4908.57,1412.3677787672727,1535.926513671875
519.4085693359375,5041.634765625,1861.76,4829.18,1416.9205235298132,1359.06005859375
501.2196350097656,4992.24658203125,1860.65,4750.41,1424.6998247350214,1380.773681640625
1724.9527587890625,5582.0,1861.76,4671.65,903.5159213317719,920.5723876953125
605.79833984375,5124.23681640625,1860.65,4592.26,1359.0578832779713,1362.957275390625
126.46248626708984,4752.10791015625,1863.98,4512.86,1737.8655931918327,1753.911865234375
1372.43359375,3469.676025390625,1860.65,4434.1,1108.7002446558768,1080.95751953125
1219.11376953125,4039.634765625,1860.65,4355.34,727.7986933898687,715.0093994140625
1202.79541015625,4169.40673828125,1861.76,4275.94,666.1029809271236,667.5205078125
2271.259033203125,4255.26220703125,1859.54,4197.18,540.4673570161292,415.7956848144531
498.65106201171875,3153.815673828125,1861.76,4118.42,1590.558264886892,1669.888427734375
1339.4154052734375,3947.587890625,1861.76,4039.02,530.3063812552136,530.2864379882812
1929.4144287109375,3650.97265625,1860.65,3960.26,442.4959774958412,316.83941650390625
1300.939208984375,3991.124267578125,1859.54,3881.5,509.87573152681034,569.2559814453125
1956.6239013671875,3776.789306640625,1860.65,3802.1,103.43032679055004,99.25533294677734
1951.981201171875,3798.27685546875,1859.54,3722.7,94.48969044292619,119.40367126464844
1873.20458984375,3636.272705078125,1861.76,3643.94,75.7959180958975,13.775519371032715
1854.87158203125,3571.981689453125,1860.65,3565.18,69.93464735022278,8.924925804138184
1827.7650146484375,3531.16650390625,1860.65,3485.78,129.32374453285817,56.04780197143555
1848.8780517578125,3439.60595703125,1860.65,3407.02,74.3350718032882,34.647117614746094
1800.240478515625,3312.767578125,1857.33,3328.26,63.916793567887964,59.154239654541016
1879.341064453125,3268.38330078125,1865.08,3248.86,82.76899177832226,24.17714500427246
1830.9185791015625,3156.6181640625,1861.76,3170.1,64.94849959775819,33.65941619873047
1831.596923828125,3115.304443359375,1859.54,3091.34,83.58233784717905,36.811790466308594
1893.606201171875,3006.195068359375,1861.76,3011.94,62.903586543217074,32.36021423339844
1843.201171875,2902.07275390625,1859.54,2932.54,89.97701484268079,34.571868896484375
1857.164306640625,2850.11279296875,1860.65,2854.42,60.8108452498402,5.540901184082031
1875.6710205078125,2774.30517578125,1861.76,2775.02,97.14060942777743,13.929365158081055
1842.779052734375,2689.580322265625,1859.54,2695.62,90.56597595123682,17.815998077392578
1861.37939453125,2624.86474609375,1860.65,2616.86,102.91103973821268,8.037799835205078
1854.093505859375,2539.093017578125,1859.54,2538.1,60.7175559455418,5.536299705505371
1873.5086669921875,2464.83203125,1861.76,2459.34,109.69746214019709,12.968900680541992
1852.00390625,2399.8134765625,1859.54,2379.94,62.828458520005036,21.254426956176758
1859.2078857421875,2317.217529296875,1859.54,2301.18,103.93461406095656,16.04103660583496
1852.9661865234375,2218.6240234375,1860.65,2221.78,93.70053841894385,8.30672836303711
1861.4183349609375,2145.6650390625,1861.76,2143.02,123.52739777069702,2.666996479034424
1815.4638671875,2061.40234375,1859.54,2064.26,69.44320845122279,44.1687126159668
1850.1265869140625,1997.4208984375,1858.44,1984.86,147.10694477148252,15.062814712524414
1871.5992431640625,1899.460205078125,1859.54,1906.1,139.4281951400074,13.766298294067383
1863.3282470703125,1824.125,1860.65,1826.7,93.25402136101148,3.7152724266052246
1872.19775390625,1732.2779541015625,1860.65,1747.94,79.92913173555688,19.458877563476562
1872.471435546875,1668.89794921875,1861.76,1668.54,90.16667455329602,10.717403411865234
1864.7952880859375,1588.49072265625,1860.65,1589.78,107.74911090120413,4.3411431312561035
1854.514404296875,1485.502685546875,1859.54,1511.02,91.12876604014787,26.007524490356445
1858.20654296875,1414.7030029296875,1859.54,1431.62,121.8393860785583,16.969467163085938
1890.7489013671875,1362.6441650390625,1861.76,1352.86,88.28633642869094,30.595521926879883
1849.4847412109375,1273.1314697265625,1858.44,1274.1,95.79166769609985,9.00741958618164
1926.5355224609375,1204.3106689453125,1859.54,1194.7,90.61512897965773,67.68132019042969
1916.9361572265625,1117.1983642578125,1860.65,1115.94,111.04731469063081,56.30019760131836
1945.7535400390625,840.7202758789062,1859.54,1036.55,163.7953421193655,213.9674530029297
1968.8980712890625,1022.2512817382812,1858.44,958.42,108.60999033238143,127.57520294189453
1868.488037109375,838.982177734375,1859.54,898.08,59.57094929577668,59.77140808105469
2060.02294921875,964.359375,2056.64,972.06,84.09954339947396,8.41098403930664
2084.88525390625,1053.738037109375,2057.74,1051.46,157.24515636419466,27.240686416625977
2211.818603515625,868.560546875,2057.74,1130.22,299.9419210447251,303.6542053222656
2091.00341796875,1208.900146484375,2057.74,1208.98,43.203564667744935,33.26352310180664
2039.4210205078125,1300.9681396484375,2056.64,1288.38,98.44345585157009,21.329572677612305
2060.08984375,1366.8250732421875,2057.74,1367.78,45.84796614900183,2.5364842414855957
2080.54931640625,1427.5682373046875,2059.95,1445.9,103.92695752306055,27.57513999938965
2067.8701171875,1506.7083740234375,2058.85,1525.3,48.30540859986597,20.664247512817383
2039.38134765625,1594.4542236328125,2057.74,1604.7,112.90703078196692,21.024145126342773
2066.80224609375,1683.6246337890625,2058.85,1683.46,53.03672406927119,7.953853130340576
2066.067138671875,1753.0709228515625,2058.85,1762.22,119.52677900788598,11.652929306030273
2048.951904296875,1829.5953369140625,2057.74,1841.62,59.31384324084901,14.893718719482422
2055.273681640625,1908.65966796875,2057.74,1920.38,51.60670499072783,11.977018356323242
2062.71142578125,1999.581298828125,2058.85,1999.14,64.09416588114723,3.8864619731903076
2068.98486328125,2074.45068359375,2059.95,2078.54,134.63481756217448,9.917281150817871
2074.440185546875,2158.3017578125,2059.95,2157.3,69.90917321782625,14.524816513061523
2043.7181396484375,2235.132568359375,2057.74,2236.06,44.49978876354381,14.052492141723633
2056.013671875,2316.87939453125,2056.64,2314.82,77.98539606875144,2.152435064315796
2057.996826171875,2388.491455078125,2057.74,2394.22,42.65344065840434,5.734270095825195
2055.72021484375,2469.932373046875,2058.85,2473.62,84.33994842303375,4.836902141571045
2061.3076171875,2550.00146484375,2058.85,2552.38,41.21876878316488,3.4199817180633545
2063.463623046875,2634.82373046875,2058.85,2631.77,91.54045772225527,5.532609462738037
2059.21337890625,2718.21484375,2058.85,2710.54,42.47839568533641,7.6833977699279785
2062.1201171875,2798.067138671875,2058.85,2789.3,73.33357007537533,9.357076644897461
2060.906982421875,2870.8408203125,2058.85,2868.06,44.938692682364554,3.4588165283203125
2099.9853515625,2900.590576171875,2058.85,2947.46,214.56181883084426,62.36063003540039
2079.4267578125,2844.84619140625,2058.85,3026.22,180.96079934615656,182.53724670410156
1775.6104736328125,2981.944091796875,2059.95,3105.62,280.58793078106527,310.07208251953125
1817.946044921875,3241.138427734375,2058.85,3184.38,283.4983366794238,247.50009155273438
1535.357421875,2978.91015625,2059.95,3263.77,425.4440214646339,596.9442749023438
1834.4820556640625,3301.50732421875,2059.95,3342.54,263.40777152544285,229.17123413085938
2056.6845703125,3403.890625,2058.85,3421.3,128.08986103513445,17.543590545654297
1759.3304443359375,3435.26904296875,2058.85,3500.69,455.45010550004264,306.58099365234375
1050.0,3450.0,2059.95,3579.46,1018.2135798053371,1018.2135798053371
1176.04931640625,3527.639404296875,2058.85,3658.22,1030.1135330146865,892.4060668945312
785.481689453125,3215.696533203125,2058.85,3737.61,1194.0070496441804,1376.1761474609375
2155.426025390625,3600.743408203125,2058.85,3816.38,220.2580915653272,236.2752685546875
154.0960235595703,3160.434326171875,2059.95,3895.14,2050.1567311061854,2042.5648193359375
1308.0745849609375,3406.3330078125,2058.85,3974.53,1006.3573139794831,941.5475463867188
1405.8836669921875,3456.689697265625,2061.06,4053.3,1051.3777692152332,886.1151123046875
1070.720703125,3529.849609375,2061.06,4132.69,1219.962277982397,1159.3914794921875
1140.0811767578125,3516.134521484375,2059.95,4212.09,1265.2194159907601,1153.4783935546875
1200.93115234375,3565.07275390625,2061.06,4290.85,1203.5169488212455,1125.421875
1382.1102294921875,3817.890625,2061.06,4369.61,943.1452039320347,874.8525390625
1411.1546630859375,3879.962158203125,2061.06,4448.38,996.6649125960039,863.4093627929688
1584.5814208984375,3803.150146484375,2059.95,4527.77,1053.0694067344282,866.6309204101562
1220.7742919921875,3826.6669921875,2061.06,4606.53,1214.5237603686473,1146.41455078125
259.5303039550781,3992.821044921875,2059.95,4685.3,1871.1039769344727,1928.9991455078125
1029.8687744140625,3406.768310546875,2058.85,4764.69,1657.1626711340075,1703.7469482421875
1141.5623779296875,3730.662841796875,2058.85,4843.45,1487.7537514656112,1442.120849609375
1642.401123046875,3678.5830078125,2061.06,4922.22,1242.2037079319964,1312.2152099609375
1022.4390869140625,3798.958984375,2061.06,5001.61,1608.9654799590944,1589.05712890625
1235.6781005859375,3870.865966796875,2061.06,5081.01,1461.5775530911797,1464.822021484375
1250.5926513671875,3730.31005859375,2061.06,5159.77,1578.9419800929993,1643.2325439453125
1283.0694580078125,3437.057373046875,2061.06,5238.53,1924.6937118669034,1962.2874755859375
219.33929443359375,4223.06005859375,2059.95,5317.93,2213.0694718874056,2141.632080078125
1448.5078125,3476.047607421875,2059.95,5396.69,2072.107853997952,2015.62109375
193.58938598632812,4895.44140625,2061.06,5475.45,2026.9146568368387,1955.468505859375
1249.5794677734375,4130.29638671875,2059.95,5554.85,1733.230372743335,1638.9183349609375
157.87716674804688,4286.451171875,2058.85,5633.61,2387.2465215389884,2329.921630859375
715.033935546875,5132.48828125,2061.06,5712.38,1648.004729362146,1465.6263427734375
1095.162841796875,4908.98388671875,2061.06,5791.77,1416.280359427469,1308.536865234375
417.9588317871094,5080.791015625,2058.85,5870.53,1853.5840427129274,1821.0467529296875
755.8928833007812,5233.275390625,2059.95,5949.3,1561.1788790846485,1487.7015380859375
179.8295135498047,4633.30126953125,2061.06,6028.69,2447.2522223301785,2342.250732421875
788.3848876953125,5196.7666015625,2064.39,6108.09,1569.6940849095406,1568.0238037109375
1990.2366943359375,5993.1220703125,2063.28,6186.85,218.50693558786685,207.04075622558594
2083.86669921875,6362.10546875,2061.06,6265.61,116.26261522948815,99.15414428710938
2071.671142578125,6368.83544921875,2061.06,6344.37,59.03406220141042,26.66735076904297
2051.873046875,6393.716796875,2061.06,6423.77,46.950362085930514,31.426061630249023
1964.6119384765625,6800.083984375,2063.28,6502.53,272.16494869839534,313.4866638183594
2088.688720703125,6695.82568359375,2061.06,6581.29,112.62498701442762,117.82086944580078
2050.979736328125,6679.7119140625,2061.06,6660.69,126.5606562087916,21.527851104736328
2053.537109375,6725.0771484375,2061.06,6739.45,40.34384835386937,16.22279930114746
2052.4873046875,6891.40185546875,2061.06,6818.85,90.0091445354301,73.05648040771484
2031.406982421875,7130.05859375,2061.06,6897.61,188.56573310121883,234.33248901367188
1938.4404296875,7124.384765625,2061.06,6977.01,132.89794467936647,191.71585083007812
1908.914306640625,7145.43994140625,2063.28,7055.77,113.42685440406099,178.5202178955078
1932.3050537109375,7267.78076171875,2063.28,7135.17,141.7260995723796,186.38690185546875
2101.634521484375,7155.65185546875,2063.28,7213.93,39.27344268077339,69.7669677734375
2053.829345703125,7290.02001953125,2061.06,7292.69,69.28751474833001,7.707898139953613
2057.341064453125,7364.97119140625,2061.06,7371.45,44.457014069773024,7.470502853393555
2056.017578125,7456.5390625,2061.06,7450.85,108.10664225661657,7.602034568786621
2076.580810546875,7529.294921875,2064.39,7529.61,46.31224676044113,12.194985389709473
2052.4658203125,7621.150390625,2063.28,7609.01,115.02842474797276,16.258594512939453
2067.333740234375,7706.115234375,2063.28,7687.77,52.67761668868494,18.787748336791992
2066.763671875,7761.443359375,2063.28,7766.53,49.685000754754974,6.165021896362305
2052.0126953125,7834.37158203125,2063.28,7845.93,58.804109550268784,16.141681671142578
2128.841552734375,7853.48486328125,2063.28,7924.69,129.98443945334336,96.7908935546875
2069.532470703125,8006.03857421875,2064.39,8004.09,64.75955682368452,5.499423503875732
2067.3486328125,8094.33984375,2064.39,8082.85,39.524607524933074,11.86458683013916
2099.41259765625,8148.67041015625,2063.28,8161.61,128.95018611851634,38.37957763671875
209.23004150390625,7832.041015625,2061.06,8241.01,1815.4399311737086,1896.4520263671875
2059.40576171875,8328.8330078125,2061.06,8319.77,79.90104192061618,9.213212966918945
2080.571533203125,8403.306640625,2064.39,8398.53,152.73910108416968,16.871845245361328
2070.94482421875,8292.8603515625,2063.28,8477.93,230.8688876830313,185.22799682617188
2020.1785888671875,8380.1767578125,2064.39,8556.69,194.00213452434002,181.96624755859375
1880.1483154296875,8587.5576171875,2064.39,8635.45,142.78226290404595,190.36453247070312
1638.837158203125,8644.6181640625,2063.28,8714.85,310.63142291146306,430.2141418457031
247.4844970703125,8259.5869140625,2063.28,8794.25,1845.3629509936522,1892.8756103515625
2040.1649169921875,8767.31640625,2064.39,8873.01,176.63672381472682,108.43401336669922
2050.217041015625,8828.0029296875,2064.39,8952.4,153.52795217809654,125.20223236083984
2108.013427734375,9171.08984375,2064.39,9031.17,124.05096130220028,146.56260681152344
828.7854614257812,9327.15625,2063.28,9109.93,1326.9630602620407,1253.4609375
2054.43310546875,9256.30859375,2063.28,9188.69,117.21038563199026,68.1944580078125
2115.765869140625,9360.693359375,2064.39,9268.09,47.8154807567591,105.90043640136719
2037.4786376953125,9356.5283203125,2064.39,9346.85,58.84721403770992,28.59882926940918
2083.294677734375,9462.46484375,2064.39,9425.61,43.16183731029045,41.42033767700195
1537.302978515625,9118.0712890625,2064.39,9505.01,797.737533403061,653.866943359375
1850.2098388671875,9505.330078125,2063.28,9584.4,39.896345697319155,227.2686004638672
2049.421875,9667.5166015625,2063.28,9662.53,94.86495295945637,14.727930068969727
1377.1214599609375,8812.224609375,2265.9,9650.16,1216.1944069925662,1221.5003662109375
1723.2379150390625,9369.5810546875,2263.69,9571.4,625.5824295007013,576.905029296875
1567.1737060546875,9048.66796875,2263.69,9492.0,836.7714240460175,825.6380615234375
2258.666015625,9434.88671875,2264.8,9412.6,40.22188459035675,23.115829467773438
2250.139892578125,9310.5859375,2262.59,9333.84,116.84029142380624,26.37710189819336
2177.91845703125,9217.94140625,2263.69,9255.08,169.74163455086682,93.46672058105469
2108.63330078125,9032.3193359375,2263.69,9175.68,240.12054993273716,211.17469787597656
2299.7353515625,9096.3984375,2263.69,9096.92,97.8820846733457,36.0491828918457
2246.279052734375,9006.8720703125,2263.69,9018.16,22.742068947217536,20.74993896484375
2279.702880859375,8945.0478515625,2262.59,8938.76,62.520762151464346,18.231502532958984
2305.875732421875,8870.9453125,2264.8,8860.0,140.78011223180638,42.50896072387695
2515.750732421875,8696.0361328125,2260.37,8781.24,161.54403269697087,269.21923828125
2050.59130859375,8480.3818359375,2263.69,8701.84,223.27069153832096,307.33477783203125
2312.69873046875,8619.697265625,2264.8,8623.08,78.33087769200608,48.01798629760742
2264.095703125,8535.37890625,2262.59,8543.68,14.087246004808746,8.436222076416016
2227.840087890625,8523.783203125,2262.59,8464.92,86.00647940707718,68.35530853271484
2262.748291015625,8383.9833984375,2263.69,8385.52,19.927029382223253,1.8017795085906982
2258.1416015625,8295.1083984375,2262.59,8306.76,94.08616104401307,12.47170352935791
2243.05908203125,8215.2080078125,2260.37,8228.0,24.32153161295558,21.524566650390625
2271.633056640625,8147.94384765625,2262.59,8148.6,50.204263763151026,9.066749572753906
2278.283203125,8053.47998046875,2263.69,8069.84,33.12161982753852,21.92278289794922
2270.35888671875,7992.751953125,2262.59,7991.08,42.96596909182892,7.946660041809082
2262.355712890625,7976.13330078125,2260.37,7911.68,39.69835387015406,64.48370361328125
2099.031982421875,7887.97802734375,2262.59,7832.92,117.75497654027191,172.57650756835938
2279.5205078125,7749.0234375,2263.69,7754.16,47.84058632583859,16.643096923828125
2265.231201171875,7665.31005859375,2260.37,7674.76,26.84389129764924,10.626716613769531
2253.356689453125,7578.03955078125,2262.59,7596.0,147.63979172296322,20.19488525390625
2280.243408203125,7520.91845703125,2263.69,7516.6,21.516879420585447,17.10746955871582
1706.1522216796875,6908.6787109375,2262.59,7437.84,815.1922311332464,767.876708984375
2258.23876953125,7345.89501953125,2260.37,7358.45,13.37682324021644,12.734798431396484
2265.73681640625,7276.3017578125,2260.37,7279.68,71.080512800626,6.341543197631836
2267.21142578125,7199.45654296875,2262.59,7200.92,137.41307979955894,4.847498416900635
2091.634521484375,6960.73974609375,2260.37,7122.16,381.686523864807,233.51284790039062
1710.675537109375,6515.48779296875,2260.37,7042.76,850.8325067250312,761.6953735351562
2273.112060546875,6950.078125,2263.69,6964.0,65.44781203371127,16.81056022644043
2289.410400390625,6894.5302734375,2260.37,6885.24,18.03869452039155,30.49004554748535
763.0610961914062,5762.69287109375,2259.26,6805.84,1871.0285548863228,1823.9427490234375
406.78619384765625,5377.93017578125,2260.37,6726.45,2244.305937121764,2292.2216796875
2824.455322265625,3420.112548828125,2260.37,6647.68,3247.4797850025184,3276.48974609375
1139.462646484375,2944.43505859375,2262.59,6568.92,3769.292304199822,3794.510009765625
1130.6932373046875,2741.9033203125,2262.59,6489.53,3836.215990921262,3914.830078125
271.42181396484375,3971.03857421875,2259.26,6410.76,3165.780397500749,3147.020751953125
52.49464416503906,4122.4052734375,2260.37,6332.0,3108.2447678553244,3123.623291015625
150.0,4050.0,2262.59,6252.61,3051.97105494138,3051.97105494138
900.0,4350.0,2259.26,6173.84,2274.6384532931825,2274.6384532931825
2250.0,4350.0,2260.37,6095.08,1745.1108111807685,1745.1108111807685
2283.413818359375,4456.83544921875,2259.26,6015.68,1665.7057393189232,1559.0318603515625
2250.0,4350.0,2260.37,5936.92,1586.9538819070958,1586.9538819070958
3014.701171875,4763.73974609375,2260.37,5857.53,1199.7238317629601,1328.6805419921875
-1061.0894775390625,4193.35693359375,2260.37,5778.76,2715.288138393419,3680.43408203125
344.1513977050781,3988.802001953125,2260.37,5699.37,2660.974057333141,2568.64501953125
426.3929748535156,3834.294189453125,2260.37,5620.61,2608.361422234273,2560.155517578125
1460.14208984375,4268.353515625,2259.26,5541.84,1620.891215720537,1503.4482421875
-6438.51025390625,640.23193359375,2262.59,5462.45,1557.7549584578442,9948.01171875
-9103.244140625,-31086.59375,2258.15,5383.68,1124.1555786011118,38198.98046875
2751.451171875,4447.17626953125,2258.15,5304.92,1052.1899205466664,989.4797973632812
2792.433349609375,4446.41796875,2260.37,5225.53,979.7077716339703,943.4545288085938
410.00262451171875,4579.08544921875,2259.26,5146.76,2063.2494384344322,1934.4267578125
283.57830810546875,4864.51513671875,2260.37,5068.0,2127.318861125431,1987.2371826171875
148.79702758789062,4799.20849609375,2259.26,4988.61,2117.675961921465,2118.944580078125
548.6626586914062,5027.94873046875,2258.15,4909.21,1808.610031654143,1713.6060791015625
385.1148681640625,4946.6904296875,2259.26,4830.45,1962.9039584503366,1877.7464599609375
237.48394775390625,4185.6611328125,2260.37,4751.69,2223.967264372387,2100.5849609375
207.76356506347656,4145.72802734375,2259.26,4672.29,2199.141330542446,2117.995361328125
856.4525756835938,5195.0859375,2258.15,4593.53,1590.9205773387937,1525.327880859375
1473.1544189453125,5390.49951171875,2258.15,4514.77,1268.2147197537172,1176.061279296875
641.2099609375,3390.12451171875,2260.37,4435.37,2011.4406712105629,1927.230712890625
349.30999755859375,3673.204345703125,2258.15,4356.61,2099.2403660848368,2027.4892578125
2361.190185546875,4352.36962890625,2258.15,4277.85,72.60884932292998,127.16312408447266
1637.5245361328125,4007.717041015625,2259.26,4198.45,678.4321263766923,650.3338623046875
1587.525634765625,3953.985595703125,2259.26,4119.05,647.4416190669243,691.7175903320312
1604.238525390625,4119.10107421875,2259.26,4040.93,609.3275084057836,659.6694946289062
2095.18017578125,4026.02001953125,2259.26,3961.53,170.7327985479067,176.29847717285156
2030.30859375,3785.174072265625,2258.15,3882.13,159.15639918017757,247.61277770996094
2112.66064453125,3827.655029296875,2259.26,3803.37,167.9645929950716,148.5972137451172
1991.29345703125,3737.989501953125,2257.05,3724.61,308.09796266772054,266.0931701660156
2379.6884765625,3772.271240234375,2259.26,3645.21,105.19834456872407,175.06451416015625
2482.12890625,3264.28173828125,2259.26,3566.45,144.68362070393437,375.4679260253906
2247.593994140625,3477.99267578125,2258.15,3487.69,38.56110216267172,14.33402156829834
2274.7158203125,3373.809326171875,2260.37,3408.29,42.97977431304172,37.34593200683594
2303.93408203125,3324.974609375,2259.26,3329.53,30.94783514238138,44.905731201171875
2241.66845703125,3276.50732421875,2257.05,3250.77,49.73223702991858,29.983366012573242
2288.90380859375,3204.756103515625,2258.15,3171.37,22.87136637807188,45.39192581176758
2253.048095703125,3151.10693359375,2255.94,3091.97,58.33321952369871,59.20762634277344
2223.890380859375,3135.514404296875,2257.05,3013.21,136.9715539811095,126.71993255615234
2268.59326171875,2975.35107421875,2258.15,2934.45,66.05471217104821,42.21333312988281
2253.349853515625,2865.45166015625,2258.15,2855.69,9.939748487763767,10.878033638000488
2279.8740234375,2760.6806640625,2259.26,2776.29,74.2893781101983,25.85711097717285
2153.335693359375,2698.2734375,2252.61,2697.53,3.5934662931492314,99.2771987915039
2315.995361328125,2634.5380859375,2263.69,2618.13,83.00670454848803,54.81866455078125
2265.524658203125,2526.66064453125,2259.26,2539.37,14.0976771136243,14.169563293457031
2239.68505859375,2429.42138671875,2257.05,2460.61,61.01864141391562,35.69704818725586
2277.578125,2387.521484375,2260.37,2381.21,21.4616169008767,18.328962326049805
2260.624267578125,2312.477783203125,2257.05,2302.45,97.80442219041038,10.645771980285645
2260.6142578125,2213.730224609375,2257.05,2223.05,27.856866298993374,9.978111267089844
2273.06982421875,2147.55126953125,2259.26,2144.29,106.1148043394512,14.189664840698242
2263.953369140625,2067.444580078125,2258.15,2065.53,35.420381138547725,6.111115455627441
2304.287353515625,1993.10546875,2258.15,1986.13,37.03781041044421,46.661773681640625
2273.035888671875,1915.19140625,2258.15,1907.37,43.4020667710653,16.8156795501709
2444.7578125,2097.3544921875,2257.05,1828.61,306.736425290509,327.8075866699219
2241.627197265625,1761.5369873046875,2257.05,1749.21,51.2769597382684,19.743858337402344
2236.386474609375,1667.7625732421875,2255.94,1670.45,21.295213077121407,19.737276077270508
2274.677978515625,1594.09375,2258.15,1591.69,58.87680867710134,16.701963424682617
2253.313232421875,1506.3775634765625,2257.05,1512.29,14.168507331402333,6.994366645812988
2512.93408203125,1310.563232421875,2257.05,1433.53,304.6259401298581,283.8969421386719
2268.9189453125,1345.1563720703125,2257.05,1354.77,8.512073777875893,15.27392864227295
2262.867431640625,1264.6676025390625,2255.94,1275.37,74.86601699035428,12.748777389526367
2277.985595703125,1191.9388427734375,2258.15,1195.97,9.09194148683334,20.241165161132812
2261.71875,1105.1834716796875,2257.05,1117.21,67.57874369948,12.900899887084961
2260.05029296875,1059.6673583984375,2258.15,1038.45,14.135947085356554,21.302343368530273
2244.40283203125,975.63916015625,2257.05,977.47,72.87182857593186,12.779043197631836
2450.390380859375,1047.2161865234375,2456.35,1051.46,56.36891075761523,7.316272735595703
2419.81640625,1126.0372314453125,2455.25,1130.86,97.93315117977153,35.760292053222656
2472.155517578125,1202.79345703125,2456.35,1210.25,57.27464535027685,17.47602081298828
2446.728759765625,1282.7984619140625,2455.25,1289.01,82.29424402714932,10.544897079467773
2444.731689453125,1365.1368408203125,2455.25,1367.78,58.04042470554466,10.845335006713867
2439.6025390625,1442.7254638671875,2455.25,1447.17,76.44325607926439,16.266447067260742
2458.650390625,1535.758544921875,2455.25,1525.93,61.032183313396246,10.400091171264648
2449.67578125,1604.27734375,2456.35,1604.7,72.30084715962867,6.687682628631592
2459.193603515625,1681.0860595703125,2456.35,1684.09,65.85932432085819,4.136300086975098
2456.257568359375,1762.8040771484375,2457.46,1762.85,126.63638537166159,1.20326828956604
2454.9384765625,1841.094482421875,2456.35,1841.62,70.05388568809,1.5062661170959473
2465.126953125,1920.2630615234375,2457.46,1921.01,133.95921655489033,7.703291416168213
2449.430908203125,2002.71875,2456.35,1999.77,137.17279394982089,7.521316051483154
2439.269287109375,2105.615478515625,2455.25,2078.54,59.271359862922004,31.4398250579834
2457.48486328125,2170.111083984375,2456.35,2157.93,80.8158858146093,12.233894348144531
2465.366943359375,2246.270751953125,2458.56,2237.33,149.2943485199623,11.23696231842041
2447.7392578125,2308.515869140625,2458.56,2316.09,88.3015384916934,13.208274841308594
2438.0126953125,2398.19091796875,2456.35,2394.85,56.58484779514734,18.639244079589844
2451.208251953125,2470.5751953125,2456.35,2473.62,94.91694738032828,5.975795269012451
2472.052734375,2550.300537109375,2458.56,2553.01,58.6373063842465,13.762033462524414
2457.89208984375,2632.24658203125,2458.56,2631.77,100.57637147958755,0.820544958114624
2441.791259765625,2697.25830078125,2457.46,2710.54,58.418688790488986,20.540515899658203
2446.68505859375,2783.27978515625,2457.46,2789.93,106.71952258139078,12.661870956420898
2453.43017578125,2853.98828125,2457.46,2868.7,60.426332008487805,15.253602981567383
2461.105712890625,2964.5673828125,2457.46,2948.09,77.43577790659812,16.875802993774414
2464.341796875,3031.27197265625,2457.46,3026.85,63.42376605027487,8.180014610290527
2418.18408203125,3074.595458984375,2456.35,3106.25,120.26797163002288,49.58482360839844
2469.49267578125,3192.30712890625,2457.46,3185.01,98.94115271210462,14.07246208190918
2473.228271484375,3270.828125,2458.56,3263.77,98.35591746305867,16.27800178527832
1872.08203125,2937.861328125,2457.46,3343.17,741.6328609898567,711.9988403320312
1728.3673095703125,3281.700927734375,2457.46,3421.93,816.6140927635281,742.45556640625
2454.6611328125,3514.07177734375,2458.56,3500.69,77.45159585186092,13.938261985778809
2608.86181640625,3486.7333984375,2457.46,3580.09,94.6575918772498,177.87071228027344
1445.9735107421875,3725.388916015625,2457.46,3658.85,961.7889446754938,1013.6726684570312
756.658203125,4088.76025390625,2457.46,3737.61,1735.8015911099978,1736.6729736328125
674.213134765625,4067.054443359375,2457.46,3817.01,1723.2829111031072,1800.69189453125
1833.985107421875,3979.10595703125,2457.46,3895.77,357.48502695917216,629.0197143554688
2022.298095703125,4767.4912109375,2457.46,3975.17,763.6577639885552,903.9573364257812
1218.16943359375,4187.77294921875,2457.46,4053.93,1107.466973096715,1246.4970703125
2519.99365234375,4754.05859375,2458.56,4133.33,959.5400786314244,623.7611694335938
1622.3013916015625,4758.01513671875,2458.56,4212.09,919.5294675539224,998.6806030273438
1263.12548828125,4640.51513671875,2457.46,4290.85,1127.0365451483815,1244.468017578125
2107.926513671875,4843.7373046875,2457.46,4370.25,453.91377386019036,588.52685546875
1310.3934326171875,4638.064453125,2458.56,4449.01,1109.73206392354,1163.627197265625
2148.025390625,4685.1337890625,2458.56,4527.77,378.821127314726,348.13092041015625
2155.201904296875,4826.1494140625,2458.56,4607.17,361.10896208762244,374.1365966796875
2128.375732421875,4747.55859375,2458.56,4685.93,360.3557110689381,335.8865051269531
1364.911865234375,4528.2705078125,2458.56,4764.69,1139.7219264803146,1118.910400390625
1320.8817138671875,4446.533203125,2458.56,4844.09,1160.733906500538,1205.140380859375
1223.65771484375,4882.24609375,2458.56,4922.85,1264.541575473104,1235.5697021484375
1614.3067626953125,5488.25,2458.56,5002.25,833.4712569129183,974.1455688476562
1578.3248291015625,5000.81787109375,2457.46,5081.01,854.960976711803,882.7849731445312
1657.256591796875,4952.9853515625,2458.56,5159.77,884.9879809918326,827.554931640625
1585.305908203125,4863.4267578125,2458.56,5239.17,920.1301877995309,950.6607055664062
1698.7532958984375,4958.8017578125,2457.46,5317.93,959.2930399518181,839.409912109375
1169.71826171875,3737.406494140625,2457.46,5397.33,1630.9711157773456,2100.863037109375
1372.21923828125,4308.91796875,2458.56,5476.09,1690.3582347242257,1594.498779296875
1344.8974609375,4620.8076171875,2457.46,5554.85,1529.4365544539598,1452.663330078125
1191.810791015625,4876.939453125,2458.56,5634.25,1509.949117056598,1475.863525390625
95.0941390991211,4030.57470703125,2459.67,5713.65,2936.6480605275124,2902.406005859375
299.583740234375,3870.0361328125,2458.56,5792.41,2985.073681117436,2890.7958984375
1332.6668701171875,4909.24609375,2458.56,5871.17,1541.5286058001,1480.85546875
1351.0999755859375,4863.26123046875,2458.56,5950.57,1705.222741608849,1552.0013427734375
187.7255096435547,4012.588134765625,2458.56,6029.33,3140.6202448720223,3037.093505859375
782.5502319335938,4767.3486328125,2458.56,6108.09,2246.153094003167,2146.298095703125
291.84222412109375,4637.224609375,2459.67,6186.85,2740.3717688299157,2664.735595703125
279.5633239746094,4518.29638671875,2461.88,6266.25,2791.6597566501546,2796.04150390625
291.6326599121094,4589.9462890625,2459.67,6345.01,2840.4641185904816,2789.378662109375
1280.0587158203125,5550.380859375,2458.56,6424.41,1532.5032207796496,1467.23974609375
2562.9248046875,6328.9794921875,2458.56,6503.17,113.16060489410606,203.06231689453125
2527.799072265625,6417.5,2459.67,6581.93,159.8906932876334,177.98556518554688
2559.584716796875,6759.5341796875,2459.67,6661.33,126.57755646243136,140.096435546875
497.4885559082031,5228.7548828125,2457.46,6740.09,2500.052771383036,2474.999267578125
2160.355224609375,7079.83154296875,2458.56,6819.49,426.2629865470377,395.85821533203125
2144.446044921875,7116.58349609375,2461.88,6898.25,392.40947605785476,385.27099609375
2460.4990234375,6911.3544921875,2461.88,6977.01,98.7910648793708,65.66979217529297
2462.708740234375,6999.78857421875,2461.88,7056.41,62.21111235141204,56.62765121459961
2454.44140625,7115.54443359375,2461.88,7135.17,105.27612882320487,20.987871170043945
2464.734130859375,7211.43701171875,2459.67,7213.93,91.3977778723312,5.644650459289551
2476.216064453125,7263.13623046875,2458.56,7293.33,107.57677490982903,34.97718048095703
2455.0078125,7346.7978515625,2457.46,7372.09,95.1400005255413,25.410587310791016
2454.498046875,7444.85400390625,2457.46,7450.85,104.78250855939629,6.687755584716797
2457.233154296875,7539.32421875,2457.46,7530.25,151.3397307384944,9.07705307006836
2475.415771484375,7610.09814453125,2459.67,7609.64,98.93653774010873,15.752509117126465
2451.93701171875,7692.2607421875,2458.56,7688.4,70.02737750337339,7.6662139892578125
2487.549072265625,7777.96923828125,2459.67,7767.17,131.48885047790185,29.897695541381836
2488.890625,7865.84228515625,2461.88,7846.56,135.88586387111758,33.18711471557617
1105.1796875,6622.32470703125,2461.88,7925.33,1724.4540420956425,1881.0791015625
1139.1180419921875,6667.9716796875,2459.67,8004.09,1886.7727041167414,1878.5816650390625
2438.83251953125,8062.98388671875,2458.56,8083.48,145.76070801145238,28.447595596313477
2369.508056640625,8161.85400390625,2459.67,8162.25,86.2297593641546,90.16273498535156
2757.012939453125,8065.69921875,2461.88,8241.01,181.77721116795666,343.2743835449219
2413.267822265625,8466.169921875,2461.88,8320.4,118.74887115252945,153.66160583496094
2488.003173828125,8367.8056640625,2461.88,8399.17,88.12390878757013,40.818416595458984
360.3840637207031,7845.02099609375,2459.67,8478.56,2223.4095849617993,2192.800048828125
2644.045166015625,8308.357421875,2458.56,8557.33,181.9725322679222,310.4707946777344
2637.837890625,8668.615234375,2458.56,8636.72,126.02234722460892,182.09300231933594
2488.793212890625,8701.7119140625,2459.67,8715.48,91.64681827537699,32.213958740234375
2461.02880859375,8776.4072265625,2459.67,8794.25,130.54719989337184,17.894445419311523
1382.96533203125,8746.783203125,2459.67,8873.64,1771.9684981680682,1084.15185546875
2486.94384765625,8951.083984375,2461.88,8952.4,135.09587114342136,25.0985107421875
2498.123291015625,9024.21875,2463.0,9031.17,92.41519842536727,35.80453109741211
2613.3720703125,9218.7958984375,2459.67,9110.56,98.5648137014423,187.98789978027344
2533.63623046875,9204.0341796875,2461.88,9189.33,96.4986181248207,73.2474136352539
