gallery_pt,query_pt,gallery_csv,query_csv,g_x_col,g_y_col,q_x_col,q_y_col,success_radius_m,w_vis,window_size,formation_offset,top_k,epsilon_m,sigma,w_geo,w_angle,w_skip,r1,r5,r10,c1,c5,c10,improvement
sate02res.pt,uav02res.pt,gallery/gallery.csv,ground_truth.csv,center_x_m,center_y_m,drone_x_m,drone_y_m,150.0,1.0,3,5,20,300.0,100.0,1.0,1.0,0.5,35.791757049891544,55.53145336225597,64.20824295010846,57.70065075921909,65.29284164859001,68.11279826464208,21.908893709327543
sate02res.pt,uav02res.pt,gallery/gallery.csv,ground_truth.csv,center_x_m,center_y_m,drone_x_m,drone_y_m,150.0,1.0,3,5,20,300.0,100.0,1.0,1.0,1.0,35.791757049891544,55.53145336225597,64.20824295010846,57.70065075921909,65.29284164859001,68.11279826464208,21.908893709327543
sate02res.pt,uav02res.pt,gallery/gallery.csv,ground_truth.csv,center_x_m,center_y_m,drone_x_m,drone_y_m,150.0,1.0,3,5,20,200.0,100.0,1.0,1.0,0.5,35.791757049891544,55.53145336225597,64.20824295010846,57.26681127982647,64.42516268980476,67.67895878524945,21.475054229934926
sate02res.pt,uav02res.pt,gallery/gallery.csv,ground_truth.csv,center_x_m,center_y_m,drone_x_m,drone_y_m,150.0,1.0,3,5,20,200.0,100.0,1.0,1.0,1.0,35.791757049891544,55.53145336225597,64.20824295010846,57.26681127982647,64.64208242950107,68.11279826464208,21.475054229934926
sate02res.pt,uav02res.pt,gallery/gallery.csv,ground_truth.csv,center_x_m,center_y_m,drone_x_m,drone_y_m,150.0,1.0,3,5,20,300.0,100.0,1.5,1.0,1.0,35.791757049891544,55.53145336225597,64.20824295010846,57.26681127982647,65.29284164859001,68.32971800433839,21.475054229934926
sate02res.pt,uav02res.pt,gallery/gallery.csv,ground_truth.csv,center_x_m,center_y_m,drone_x_m,drone_y_m,150.0,1.0,3,5,20,200.0,100.0,1.5,1.0,1.0,35.791757049891544,55.53145336225597,64.20824295010846,57.04989154013015,64.64208242950107,68.11279826464208,21.258134490238604
sate02res.pt,uav02res.pt,gallery/gallery.csv,ground_truth.csv,center_x_m,center_y_m,drone_x_m,drone_y_m,150.0,1.0,3,5,20,300.0,150.0,1.0,1.0,1.0,35.791757049891544,55.53145336225597,64.20824295010846,57.04989154013015,65.0759219088937,68.11279826464208,21.258134490238604
sate02res.pt,uav02res.pt,gallery/gallery.csv,ground_truth.csv,center_x_m,center_y_m,drone_x_m,drone_y_m,150.0,1.0,3,5,20,300.0,100.0,1.5,1.0,0.5,35.791757049891544,55.53145336225597,64.20824295010846,56.83297180043384,65.29284164859001,68.11279826464208,21.041214750542295
sate02res.pt,uav02res.pt,gallery/gallery.csv,ground_truth.csv,center_x_m,center_y_m,drone_x_m,drone_y_m,150.0,1.0,3,5,20,300.0,150.0,1.0,1.0,0.5,35.791757049891544,55.53145336225597,64.20824295010846,56.83297180043384,65.0759219088937,68.11279826464208,21.041214750542295
sate02res.pt,uav02res.pt,gallery/gallery.csv,ground_truth.csv,center_x_m,center_y_m,drone_x_m,drone_y_m,150.0,1.0,3,5,20,200.0,100.0,1.5,1.0,0.5,35.791757049891544,55.53145336225597,64.20824295010846,56.61605206073753,64.64208242950107,67.89587852494577,20.824295010845987
sate02res.pt,uav02res.pt,gallery/gallery.csv,ground_truth.csv,center_x_m,center_y_m,drone_x_m,drone_y_m,150.0,1.0,3,5,20,200.0,150.0,1.0,1.0,1.0,35.791757049891544,55.53145336225597,64.20824295010846,56.61605206073753,64.20824295010846,67.46203904555314,20.824295010845987
sate02res.pt,uav02res.pt,gallery/gallery.csv,ground_truth.csv,center_x_m,center_y_m,drone_x_m,drone_y_m,150.0,1.0,3,5,20,200.0,150.0,1.0,1.0,0.5,35.791757049891544,55.53145336225597,64.20824295010846,56.399132321041215,64.42516268980476,67.46203904555314,20.60737527114967
sate02res.pt,uav02res.pt,gallery/gallery.csv,ground_truth.csv,center_x_m,center_y_m,drone_x_m,drone_y_m,150.0,1.0,3,5,20,300.0,100.0,1.0,2.0,1.0,35.791757049891544,55.53145336225597,64.20824295010846,56.399132321041215,64.8590021691974,68.11279826464208,20.60737527114967
sate02res.pt,uav02res.pt,gallery/gallery.csv,ground_truth.csv,center_x_m,center_y_m,drone_x_m,drone_y_m,150.0,1.0,3,5,20,300.0,150.0,1.5,1.0,1.0,35.791757049891544,55.53145336225597,64.20824295010846,56.399132321041215,64.8590021691974,68.32971800433839,20.60737527114967
sate02res.pt,uav02res.pt,gallery/gallery.csv,ground_truth.csv,center_x_m,center_y_m,drone_x_m,drone_y_m,150.0,1.0,3,5,20,300.0,100.0,1.0,2.0,0.5,35.791757049891544,55.53145336225597,64.20824295010846,56.182212581344906,64.64208242950107,68.11279826464208,20.390455531453362
sate02res.pt,uav02res.pt,gallery/gallery.csv,ground_truth.csv,center_x_m,center_y_m,drone_x_m,drone_y_m,150.0,1.0,3,5,20,200.0,150.0,1.5,1.0,1.0,35.791757049891544,55.53145336225597,64.20824295010846,56.182212581344906,64.42516268980476,67.89587852494577,20.390455531453362
sate02res.pt,uav02res.pt,gallery/gallery.csv,ground_truth.csv,center_x_m,center_y_m,drone_x_m,drone_y_m,150.0,1.0,3,5,20,300.0,150.0,1.0,2.0,0.5,35.791757049891544,55.53145336225597,64.20824295010846,56.182212581344906,65.29284164859001,67.89587852494577,20.390455531453362
sate02res.pt,uav02res.pt,gallery/gallery.csv,ground_truth.csv,center_x_m,center_y_m,drone_x_m,drone_y_m,150.0,1.0,3,5,20,300.0,150.0,1.5,1.0,0.5,35.791757049891544,55.53145336225597,64.20824295010846,56.182212581344906,64.42516268980476,68.11279826464208,20.390455531453362
sate02res.pt,uav02res.pt,gallery/gallery.csv,ground_truth.csv,center_x_m,center_y_m,drone_x_m,drone_y_m,150.0,1.0,3,5,20,300.0,100.0,1.5,2.0,1.0,35.791757049891544,55.53145336225597,64.20824295010846,55.9652928416486,64.8590021691974,68.11279826464208,20.173535791757054
sate02res.pt,uav02res.pt,gallery/gallery.csv,ground_truth.csv,center_x_m,center_y_m,drone_x_m,drone_y_m,150.0,1.0,3,5,20,300.0,100.0,1.0,3.0,0.5,35.791757049891544,55.53145336225597,64.20824295010846,55.9652928416486,65.0759219088937,67.89587852494577,20.173535791757054
sate02res.pt,uav02res.pt,gallery/gallery.csv,ground_truth.csv,center_x_m,center_y_m,drone_x_m,drone_y_m,150.0,1.0,3,5,20,200.0,100.0,1.0,2.0,1.0,35.791757049891544,55.53145336225597,64.20824295010846,55.9652928416486,64.64208242950107,67.67895878524945,20.173535791757054
sate02res.pt,uav02res.pt,gallery/gallery.csv,ground_truth.csv,center_x_m,center_y_m,drone_x_m,drone_y_m,150.0,1.0,3,5,20,200.0,100.0,1.5,2.0,1.0,35.791757049891544,55.53145336225597,64.20824295010846,55.748373101952275,64.8590021691974,67.67895878524945,19.95661605206073
sate02res.pt,uav02res.pt,gallery/gallery.csv,ground_truth.csv,center_x_m,center_y_m,drone_x_m,drone_y_m,150.0,1.0,3,5,20,200.0,150.0,1.5,1.0,0.5,35.791757049891544,55.53145336225597,64.20824295010846,55.748373101952275,63.99132321041214,67.67895878524945,19.95661605206073
sate02res.pt,uav02res.pt,gallery/gallery.csv,ground_truth.csv,center_x_m,center_y_m,drone_x_m,drone_y_m,150.0,1.0,3,5,20,200.0,100.0,1.0,2.0,0.5,35.791757049891544,55.53145336225597,64.20824295010846,55.748373101952275,64.20824295010846,67.46203904555314,19.95661605206073
sate02res.pt,uav02res.pt,gallery/gallery.csv,ground_truth.csv,center_x_m,center_y_m,drone_x_m,drone_y_m,150.0,1.0,3,5,20,200.0,150.0,1.0,2.0,0.5,35.791757049891544,55.53145336225597,64.20824295010846,55.748373101952275,64.8590021691974,67.24511930585683,19.95661605206073
sate02res.pt,uav02res.pt,gallery/gallery.csv,ground_truth.csv,center_x_m,center_y_m,drone_x_m,drone_y_m,150.0,1.0,3,5,20,300.0,150.0,1.0,2.0,1.0,35.791757049891544,55.53145336225597,64.20824295010846,55.748373101952275,65.50976138828634,67.89587852494577,19.95661605206073
sate02res.pt,uav02res.pt,gallery/gallery.csv,ground_truth.csv,center_x_m,center_y_m,drone_x_m,drone_y_m,150.0,1.0,3,5,20,300.0,100.0,1.5,3.0,0.5,35.791757049891544,55.53145336225597,64.20824295010846,55.53145336225597,65.0759219088937,67.89587852494577,19.739696312364423
sate02res.pt,uav02res.pt,gallery/gallery.csv,ground_truth.csv,center_x_m,center_y_m,drone_x_m,drone_y_m,150.0,1.0,3,5,20,300.0,100.0,1.0,3.0,1.0,35.791757049891544,55.53145336225597,64.20824295010846,55.53145336225597,65.29284164859001,67.89587852494577,19.739696312364423
sate02res.pt,uav02res.pt,gallery/gallery.csv,ground_truth.csv,center_x_m,center_y_m,drone_x_m,drone_y_m,150.0,1.0,3,5,20,200.0,100.0,1.0,3.0,0.5,35.791757049891544,55.53145336225597,64.20824295010846,55.53145336225597,64.64208242950107,67.24511930585683,19.739696312364423
sate02res.pt,uav02res.pt,gallery/gallery.csv,ground_truth.csv,center_x_m,center_y_m,drone_x_m,drone_y_m,150.0,1.0,3,5,20,300.0,150.0,1.5,2.0,0.5,35.791757049891544,55.53145336225597,64.20824295010846,55.53145336225597,65.0759219088937,67.89587852494577,19.739696312364423
sate02res.pt,uav02res.pt,gallery/gallery.csv,ground_truth.csv,center_x_m,center_y_m,drone_x_m,drone_y_m,150.0,1.0,3,5,20,300.0,100.0,1.5,3.0,1.0,35.791757049891544,55.53145336225597,64.20824295010846,55.53145336225597,65.29284164859001,67.89587852494577,19.739696312364423
sate02res.pt,uav02res.pt,gallery/gallery.csv,ground_truth.csv,center_x_m,center_y_m,drone_x_m,drone_y_m,150.0,1.0,3,5,20,200.0,100.0,1.5,3.0,0.5,35.791757049891544,55.53145336225597,64.20824295010846,55.31453362255966,64.8590021691974,67.24511930585683,19.522776572668114
sate02res.pt,uav02res.pt,gallery/gallery.csv,ground_truth.csv,center_x_m,center_y_m,drone_x_m,drone_y_m,150.0,1.0,3,5,20,200.0,150.0,1.0,2.0,1.0,35.791757049891544,55.53145336225597,64.20824295010846,55.31453362255966,64.8590021691974,67.24511930585683,19.522776572668114
sate02res.pt,uav02res.pt,gallery/gallery.csv,ground_truth.csv,center_x_m,center_y_m,drone_x_m,drone_y_m,150.0,1.0,3,5,20,200.0,100.0,1.5,3.0,1.0,35.791757049891544,55.53145336225597,64.20824295010846,55.31453362255966,64.8590021691974,67.46203904555314,19.522776572668114
sate02res.pt,uav02res.pt,gallery/gallery.csv,ground_truth.csv,center_x_m,center_y_m,drone_x_m,drone_y_m,150.0,1.0,3,5,20,300.0,100.0,1.5,2.0,0.5,35.791757049891544,55.53145336225597,64.20824295010846,55.31453362255966,64.8590021691974,68.11279826464208,19.522776572668114
sate02res.pt,uav02res.pt,gallery/gallery.csv,ground_truth.csv,center_x_m,center_y_m,drone_x_m,drone_y_m,150.0,1.0,3,5,20,300.0,150.0,1.0,3.0,1.0,35.791757049891544,55.53145336225597,64.20824295010846,55.31453362255966,65.50976138828634,67.67895878524945,19.522776572668114
sate02res.pt,uav02res.pt,gallery/gallery.csv,ground_truth.csv,center_x_m,center_y_m,drone_x_m,drone_y_m,150.0,1.0,3,5,20,300.0,150.0,1.5,2.0,1.0,35.791757049891544,55.53145336225597,64.20824295010846,55.31453362255966,65.29284164859001,67.89587852494577,19.522776572668114
sate02res.pt,uav02res.pt,gallery/gallery.csv,ground_truth.csv,center_x_m,center_y_m,drone_x_m,drone_y_m,150.0,1.0,5,5,20,200.0,100.0,1.0,1.0,1.0,35.92017738359202,55.654101995565405,64.07982261640798,55.210643015521065,64.07982261640798,67.1840354767184,19.290465631929045
sate02res.pt,uav02res.pt,gallery/gallery.csv,ground_truth.csv,center_x_m,center_y_m,drone_x_m,drone_y_m,150.0,1.0,5,5,20,300.0,100.0,1.5,2.0,1.0,35.92017738359202,55.654101995565405,64.07982261640798,55.210643015521065,64.7450110864745,67.62749445676275,19.290465631929045
sate02res.pt,uav02res.pt,gallery/gallery.csv,ground_truth.csv,center_x_m,center_y_m,drone_x_m,drone_y_m,150.0,1.0,5,5,20,300.0,150.0,1.0,1.0,0.5,35.92017738359202,55.654101995565405,64.07982261640798,55.210643015521065,64.7450110864745,67.1840354767184,19.290465631929045
sate02res.pt,uav02res.pt,gallery/gallery.csv,ground_truth.csv,center_x_m,center_y_m,drone_x_m,drone_y_m,150.0,1.0,3,5,20,300.0,150.0,1.0,3.0,0.5,35.791757049891544,55.53145336225597,64.20824295010846,55.09761388286334,64.8590021691974,67.67895878524945,19.3058568329718
sate02res.pt,uav02res.pt,gallery/gallery.csv,ground_truth.csv,center_x_m,center_y_m,drone_x_m,drone_y_m,150.0,1.0,3,5,20,200.0,150.0,1.5,2.0,0.5,35.791757049891544,55.53145336225597,64.20824295010846,55.09761388286334,64.64208242950107,67.24511930585683,19.3058568329718
sate02res.pt,uav02res.pt,gallery/gallery.csv,ground_truth.csv,center_x_m,center_y_m,drone_x_m,drone_y_m,150.0,1.0,3,5,20,200.0,100.0,1.0,3.0,1.0,35.791757049891544,55.53145336225597,64.20824295010846,55.09761388286334,64.64208242950107,67.24511930585683,19.3058568329718
sate02res.pt,uav02res.pt,gallery/gallery.csv,ground_truth.csv,center_x_m,center_y_m,drone_x_m,drone_y_m,150.0,1.0,3,5,20,200.0,100.0,1.5,2.0,0.5,35.791757049891544,55.53145336225597,64.20824295010846,55.09761388286334,64.42516268980476,67.46203904555314,19.3058568329718
sate02res.pt,uav02res.pt,gallery/gallery.csv,ground_truth.csv,center_x_m,center_y_m,drone_x_m,drone_y_m,150.0,1.0,3,5,20,200.0,150.0,1.5,2.0,1.0,35.791757049891544,55.53145336225597,64.20824295010846,55.09761388286334,64.64208242950107,67.24511930585683,19.3058568329718
sate02res.pt,uav02res.pt,gallery/gallery.csv,ground_truth.csv,center_x_m,center_y_m,drone_x_m,drone_y_m,150.0,1.0,5,5,20,300.0,100.0,1.0,1.0,1.0,35.92017738359202,55.654101995565405,64.07982261640798,54.988913525498894,64.52328159645234,67.1840354767184,19.068736141906875
sate02res.pt,uav02res.pt,gallery/gallery.csv,ground_truth.csv,center_x_m,center_y_m,drone_x_m,drone_y_m,150.0,1.0,5,5,20,300.0,100.0,1.5,1.0,0.5,35.92017738359202,55.654101995565405,64.07982261640798,54.988913525498894,64.7450110864745,67.40576496674058,19.068736141906875
sate02res.pt,uav02res.pt,gallery/gallery.csv,ground_truth.csv,center_x_m,center_y_m,drone_x_m,drone_y_m,150.0,1.0,5,5,20,300.0,100.0,1.0,1.0,0.5,35.92017738359202,55.654101995565405,64.07982261640798,54.988913525498894,64.7450110864745,67.1840354767184,19.068736141906875
sate02res.pt,uav02res.pt,gallery/gallery.csv,ground_truth.csv,center_x_m,center_y_m,drone_x_m,drone_y_m,150.0,1.0,5,5,20,300.0,100.0,1.0,2.0,0.5,35.92017738359202,55.654101995565405,64.07982261640798,54.988913525498894,64.52328159645234,67.1840354767184,19.068736141906875
sate02res.pt,uav02res.pt,gallery/gallery.csv,ground_truth.csv,center_x_m,center_y_m,drone_x_m,drone_y_m,150.0,1.0,5,5,20,300.0,100.0,1.0,2.0,1.0,35.92017738359202,55.654101995565405,64.07982261640798,54.988913525498894,64.52328159645234,67.62749445676275,19.068736141906875
sate02res.pt,uav02res.pt,gallery/gallery.csv,ground_truth.csv,center_x_m,center_y_m,drone_x_m,drone_y_m,150.0,1.0,5,5,20,300.0,150.0,1.0,1.0,1.0,35.92017738359202,55.654101995565405,64.07982261640798,54.988913525498894,64.52328159645234,67.1840354767184,19.068736141906875
sate02res.pt,uav02res.pt,gallery/gallery.csv,ground_truth.csv,center_x_m,center_y_m,drone_x_m,drone_y_m,150.0,1.0,5,5,20,200.0,100.0,1.5,1.0,0.5,35.92017738359202,55.654101995565405,64.07982261640798,54.988913525498894,63.8580931263858,66.96230598669624,19.068736141906875
sate02res.pt,uav02res.pt,gallery/gallery.csv,ground_truth.csv,center_x_m,center_y_m,drone_x_m,drone_y_m,150.0,1.0,3,5,20,300.0,150.0,1.5,3.0,1.0,35.791757049891544,55.53145336225597,64.20824295010846,54.880694143167034,65.29284164859001,67.67895878524945,19.08893709327549
sate02res.pt,uav02res.pt,gallery/gallery.csv,ground_truth.csv,center_x_m,center_y_m,drone_x_m,drone_y_m,150.0,1.0,3,5,20,300.0,150.0,1.5,3.0,0.5,35.791757049891544,55.53145336225597,64.20824295010846,54.880694143167034,64.64208242950107,67.67895878524945,19.08893709327549
sate02res.pt,uav02res.pt,gallery/gallery.csv,ground_truth.csv,center_x_m,center_y_m,drone_x_m,drone_y_m,150.0,1.0,3,5,20,200.0,150.0,1.0,3.0,1.0,35.791757049891544,55.53145336225597,64.20824295010846,54.880694143167034,65.0759219088937,67.24511930585683,19.08893709327549
sate02res.pt,uav02res.pt,gallery/gallery.csv,ground_truth.csv,center_x_m,center_y_m,drone_x_m,drone_y_m,150.0,1.0,5,5,20,200.0,100.0,1.0,1.0,0.5,35.92017738359202,55.654101995565405,64.07982261640798,54.767184035476724,63.63636363636363,66.74057649667405,18.847006651884705
sate02res.pt,uav02res.pt,gallery/gallery.csv,ground_truth.csv,center_x_m,center_y_m,drone_x_m,drone_y_m,150.0,1.0,5,5,20,300.0,150.0,1.5,1.0,0.5,35.92017738359202,55.654101995565405,64.07982261640798,54.767184035476724,64.52328159645234,67.1840354767184,18.847006651884705
sate02res.pt,uav02res.pt,gallery/gallery.csv,ground_truth.csv,center_x_m,center_y_m,drone_x_m,drone_y_m,150.0,1.0,5,5,20,300.0,150.0,1.5,1.0,1.0,35.92017738359202,55.654101995565405,64.07982261640798,54.767184035476724,64.52328159645234,67.40576496674058,18.847006651884705
sate02res.pt,uav02res.pt,gallery/gallery.csv,ground_truth.csv,center_x_m,center_y_m,drone_x_m,drone_y_m,150.0,1.0,5,5,20,300.0,100.0,1.0,3.0,0.5,35.92017738359202,55.654101995565405,64.07982261640798,54.767184035476724,64.7450110864745,66.96230598669624,18.847006651884705
sate02res.pt,uav02res.pt,gallery/gallery.csv,ground_truth.csv,center_x_m,center_y_m,drone_x_m,drone_y_m,150.0,1.0,5,5,20,200.0,100.0,1.5,2.0,1.0,35.92017738359202,55.654101995565405,64.07982261640798,54.767184035476724,64.07982261640798,66.96230598669624,18.847006651884705
sate02res.pt,uav02res.pt,gallery/gallery.csv,ground_truth.csv,center_x_m,center_y_m,drone_x_m,drone_y_m,150.0,1.0,5,5,20,300.0,150.0,1.0,2.0,0.5,35.92017738359202,55.654101995565405,64.07982261640798,54.767184035476724,64.7450110864745,66.96230598669624,18.847006651884705
sate02res.pt,uav02res.pt,gallery/gallery.csv,ground_truth.csv,center_x_m,center_y_m,drone_x_m,drone_y_m,150.0,1.0,3,5,20,200.0,150.0,1.0,3.0,0.5,35.791757049891544,55.53145336225597,64.20824295010846,54.66377440347071,64.8590021691974,67.24511930585683,18.872017353579167
sate02res.pt,uav02res.pt,gallery/gallery.csv,ground_truth.csv,center_x_m,center_y_m,drone_x_m,drone_y_m,150.0,1.0,3,5,20,200.0,150.0,1.5,3.0,1.0,35.791757049891544,55.53145336225597,64.20824295010846,54.66377440347071,64.8590021691974,67.24511930585683,18.872017353579167
sate02res.pt,uav02res.pt,gallery/gallery.csv,ground_truth.csv,center_x_m,center_y_m,drone_x_m,drone_y_m,150.0,1.0,5,5,20,300.0,100.0,1.5,3.0,0.5,35.92017738359202,55.654101995565405,64.07982261640798,54.54545454545454,64.96674057649668,66.96230598669624,18.62527716186252
sate02res.pt,uav02res.pt,gallery/gallery.csv,ground_truth.csv,center_x_m,center_y_m,drone_x_m,drone_y_m,150.0,1.0,5,5,20,300.0,100.0,1.5,2.0,0.5,35.92017738359202,55.654101995565405,64.07982261640798,54.54545454545454,64.7450110864745,67.1840354767184,18.62527716186252
sate02res.pt,uav02res.pt,gallery/gallery.csv,ground_truth.csv,center_x_m,center_y_m,drone_x_m,drone_y_m,150.0,1.0,5,5,20,200.0,100.0,1.5,3.0,1.0,35.92017738359202,55.654101995565405,64.07982261640798,54.54545454545454,63.63636363636363,66.74057649667405,18.62527716186252
sate02res.pt,uav02res.pt,gallery/gallery.csv,ground_truth.csv,center_x_m,center_y_m,drone_x_m,drone_y_m,150.0,1.0,5,5,20,200.0,150.0,1.0,1.0,1.0,35.92017738359202,55.654101995565405,64.07982261640798,54.54545454545454,63.63636363636363,66.74057649667405,18.62527716186252
sate02res.pt,uav02res.pt,gallery/gallery.csv,ground_truth.csv,center_x_m,center_y_m,drone_x_m,drone_y_m,150.0,1.0,5,5,20,200.0,150.0,1.0,1.0,0.5,35.92017738359202,55.654101995565405,64.07982261640798,54.54545454545454,63.63636363636363,66.74057649667405,18.62527716186252
sate02res.pt,uav02res.pt,gallery/gallery.csv,ground_truth.csv,center_x_m,center_y_m,drone_x_m,drone_y_m,150.0,1.0,5,5,20,300.0,100.0,1.5,3.0,1.0,35.92017738359202,55.654101995565405,64.07982261640798,54.54545454545454,64.96674057649668,67.1840354767184,18.62527716186252
sate02res.pt,uav02res.pt,gallery/gallery.csv,ground_truth.csv,center_x_m,center_y_m,drone_x_m,drone_y_m,150.0,1.0,3,5,20,200.0,150.0,1.5,3.0,0.5,35.791757049891544,55.53145336225597,64.20824295010846,54.4468546637744,64.64208242950107,67.24511930585683,18.65509761388286
sate02res.pt,uav02res.pt,gallery/gallery.csv,ground_truth.csv,center_x_m,center_y_m,drone_x_m,drone_y_m,150.0,1.0,5,5,20,300.0,100.0,1.0,3.0,1.0,35.92017738359202,55.654101995565405,64.07982261640798,54.32372505543237,64.52328159645234,66.96230598669624,18.40354767184035
sate02res.pt,uav02res.pt,gallery/gallery.csv,ground_truth.csv,center_x_m,center_y_m,drone_x_m,drone_y_m,150.0,1.0,5,5,20,200.0,100.0,1.5,2.0,0.5,35.92017738359202,55.654101995565405,64.07982261640798,54.32372505543237,63.8580931263858,66.74057649667405,18.40354767184035
sate02res.pt,uav02res.pt,gallery/gallery.csv,ground_truth.csv,center_x_m,center_y_m,drone_x_m,drone_y_m,150.0,1.0,5,5,20,200.0,100.0,1.0,2.0,0.5,35.92017738359202,55.654101995565405,64.07982261640798,54.32372505543237,63.63636363636363,66.74057649667405,18.40354767184035
sate02res.pt,uav02res.pt,gallery/gallery.csv,ground_truth.csv,center_x_m,center_y_m,drone_x_m,drone_y_m,150.0,1.0,5,5,20,300.0,150.0,1.0,2.0,1.0,35.92017738359202,55.654101995565405,64.07982261640798,54.32372505543237,64.52328159645234,66.96230598669624,18.40354767184035
sate02res.pt,uav02res.pt,gallery/gallery.csv,ground_truth.csv,center_x_m,center_y_m,drone_x_m,drone_y_m,150.0,1.0,5,5,20,300.0,150.0,1.5,2.0,0.5,35.92017738359202,55.654101995565405,64.07982261640798,54.32372505543237,64.7450110864745,66.96230598669624,18.40354767184035
sate02res.pt,uav02res.pt,gallery/gallery.csv,ground_truth.csv,center_x_m,center_y_m,drone_x_m,drone_y_m,150.0,1.0,5,5,20,200.0,150.0,1.5,1.0,1.0,35.92017738359202,55.654101995565405,64.07982261640798,54.32372505543237,64.07982261640798,66.96230598669624,18.40354767184035
sate02res.pt,uav02res.pt,gallery/gallery.csv,ground_truth.csv,center_x_m,center_y_m,drone_x_m,drone_y_m,150.0,1.0,5,5,20,200.0,100.0,1.0,2.0,1.0,35.92017738359202,55.654101995565405,64.07982261640798,54.32372505543237,63.8580931263858,66.96230598669624,18.40354767184035
sate02res.pt,uav02res.pt,gallery/gallery.csv,ground_truth.csv,center_x_m,center_y_m,drone_x_m,drone_y_m,150.0,1.0,5,5,20,200.0,100.0,1.5,1.0,1.0,35.92017738359202,55.654101995565405,64.07982261640798,54.32372505543237,64.30155210643017,67.1840354767184,18.40354767184035
sate02res.pt,uav02res.pt,gallery/gallery.csv,ground_truth.csv,center_x_m,center_y_m,drone_x_m,drone_y_m,150.0,1.0,5,5,20,200.0,100.0,1.0,3.0,1.0,35.92017738359202,55.654101995565405,64.07982261640798,54.1019955654102,63.19290465631929,66.51884700665188,18.18181818181818
sate02res.pt,uav02res.pt,gallery/gallery.csv,ground_truth.csv,center_x_m,center_y_m,drone_x_m,drone_y_m,150.0,1.0,5,5,20,200.0,100.0,1.0,3.0,0.5,35.92017738359202,55.654101995565405,64.07982261640798,54.1019955654102,63.19290465631929,66.51884700665188,18.18181818181818
sate02res.pt,uav02res.pt,gallery/gallery.csv,ground_truth.csv,center_x_m,center_y_m,drone_x_m,drone_y_m,150.0,1.0,5,5,20,200.0,150.0,1.5,1.0,0.5,35.92017738359202,55.654101995565405,64.07982261640798,54.1019955654102,63.41463414634146,66.74057649667405,18.18181818181818
sate02res.pt,uav02res.pt,gallery/gallery.csv,ground_truth.csv,center_x_m,center_y_m,drone_x_m,drone_y_m,150.0,1.0,5,5,20,300.0,150.0,1.0,3.0,1.0,35.92017738359202,55.654101995565405,64.07982261640798,54.1019955654102,64.30155210643017,66.51884700665188,18.18181818181818
sate02res.pt,uav02res.pt,gallery/gallery.csv,ground_truth.csv,center_x_m,center_y_m,drone_x_m,drone_y_m,150.0,1.0,5,5,20,200.0,100.0,1.5,3.0,0.5,35.92017738359202,55.654101995565405,64.07982261640798,54.1019955654102,63.41463414634146,66.51884700665188,18.18181818181818
sate02res.pt,uav02res.pt,gallery/gallery.csv,ground_truth.csv,center_x_m,center_y_m,drone_x_m,drone_y_m,150.0,1.0,5,5,20,200.0,150.0,1.0,2.0,0.5,35.92017738359202,55.654101995565405,64.07982261640798,53.88026607538803,63.19290465631929,66.51884700665188,17.96008869179601
sate02res.pt,uav02res.pt,gallery/gallery.csv,ground_truth.csv,center_x_m,center_y_m,drone_x_m,drone_y_m,150.0,1.0,5,5,20,200.0,150.0,1.0,2.0,1.0,35.92017738359202,55.654101995565405,64.07982261640798,53.88026607538803,63.19290465631929,66.51884700665188,17.96008869179601
sate02res.pt,uav02res.pt,gallery/gallery.csv,ground_truth.csv,center_x_m,center_y_m,drone_x_m,drone_y_m,150.0,1.0,5,5,20,300.0,150.0,1.0,3.0,0.5,35.92017738359202,55.654101995565405,64.07982261640798,53.88026607538803,64.30155210643017,66.51884700665188,17.96008869179601
sate02res.pt,uav02res.pt,gallery/gallery.csv,ground_truth.csv,center_x_m,center_y_m,drone_x_m,drone_y_m,150.0,1.0,5,5,20,300.0,100.0,1.5,1.0,1.0,35.92017738359202,55.654101995565405,64.07982261640798,53.88026607538803,64.7450110864745,67.1840354767184,17.96008869179601
sate02res.pt,uav02res.pt,gallery/gallery.csv,ground_truth.csv,center_x_m,center_y_m,drone_x_m,drone_y_m,150.0,1.0,5,5,20,300.0,150.0,1.5,2.0,1.0,35.92017738359202,55.654101995565405,64.07982261640798,53.88026607538803,64.52328159645234,66.96230598669624,17.96008869179601
sate02res.pt,uav02res.pt,gallery/gallery.csv,ground_truth.csv,center_x_m,center_y_m,drone_x_m,drone_y_m,150.0,1.0,5,5,20,300.0,150.0,1.5,3.0,0.5,35.92017738359202,55.654101995565405,64.07982261640798,53.88026607538803,64.52328159645234,66.74057649667405,17.96008869179601
sate02res.pt,uav02res.pt,gallery/gallery.csv,ground_truth.csv,center_x_m,center_y_m,drone_x_m,drone_y_m,150.0,1.0,5,5,20,300.0,150.0,1.5,3.0,1.0,35.92017738359202,55.654101995565405,64.07982261640798,53.88026607538803,64.30155210643017,66.51884700665188,17.96008869179601
sate02res.pt,uav02res.pt,gallery/gallery.csv,ground_truth.csv,center_x_m,center_y_m,drone_x_m,drone_y_m,150.0,1.0,5,5,20,200.0,150.0,1.0,3.0,1.0,35.92017738359202,55.654101995565405,64.07982261640798,53.65853658536586,63.19290465631929,66.51884700665188,17.73835920177384
sate02res.pt,uav02res.pt,gallery/gallery.csv,ground_truth.csv,center_x_m,center_y_m,drone_x_m,drone_y_m,150.0,1.0,5,5,20,200.0,150.0,1.5,2.0,0.5,35.92017738359202,55.654101995565405,64.07982261640798,53.65853658536586,63.19290465631929,66.51884700665188,17.73835920177384
sate02res.pt,uav02res.pt,gallery/gallery.csv,ground_truth.csv,center_x_m,center_y_m,drone_x_m,drone_y_m,150.0,1.0,5,5,20,200.0,150.0,1.5,2.0,1.0,35.92017738359202,55.654101995565405,64.07982261640798,53.65853658536586,63.19290465631929,66.51884700665188,17.73835920177384
sate02res.pt,uav02res.pt,gallery/gallery.csv,ground_truth.csv,center_x_m,center_y_m,drone_x_m,drone_y_m,150.0,1.0,5,5,20,200.0,150.0,1.5,3.0,1.0,35.92017738359202,55.654101995565405,64.07982261640798,53.43680709534369,63.19290465631929,66.51884700665188,17.51662971175167
sate02res.pt,uav02res.pt,gallery/gallery.csv,ground_truth.csv,center_x_m,center_y_m,drone_x_m,drone_y_m,150.0,1.0,5,5,20,200.0,150.0,1.0,3.0,0.5,35.92017738359202,55.654101995565405,64.07982261640798,52.993348115299334,63.41463414634146,66.51884700665188,17.073170731707314
sate02res.pt,uav02res.pt,gallery/gallery.csv,ground_truth.csv,center_x_m,center_y_m,drone_x_m,drone_y_m,150.0,1.0,5,5,20,200.0,150.0,1.5,3.0,0.5,35.92017738359202,55.654101995565405,64.07982261640798,52.993348115299334,63.41463414634146,66.51884700665188,17.073170731707314
